<?xml version="1.0" encoding="UTF-8" ?>
<!DOCTYPE mapper PUBLIC "-//mybatis.org//DTD Mapper 3.0//EN" "http://mybatis.org/dtd/mybatis-3-mapper.dtd" >
<mapper namespace="com.quick.mulit.mapper.primary.CityMapper" >
  <resultMap id="BaseResultMap" type="com.quick.mulit.entity.primary.City" >
    <id column="city_id" property="cityId" jdbcType="SMALLINT" />
    <result column="city" property="city" jdbcType="VARCHAR" />
    <result column="country_id" property="countryId" jdbcType="SMALLINT" />
    <result column="last_update" property="lastUpdate" jdbcType="TIMESTAMP" />
  </resultMap>
  <sql id="Example_Where_Clause" >
    <where >
      <foreach collection="oredCriteria" item="criteria" separator="or" >
        <if test="criteria.valid" >
          <trim prefix="(" suffix=")" prefixOverrides="and" >
            <foreach collection="criteria.criteria" item="criterion" >
              <choose >
                <when test="criterion.noValue" >
                  and ${criterion.condition}
                </when>
                <when test="criterion.singleValue" >
                  and ${criterion.condition} #{criterion.value}
                </when>
                <when test="criterion.betweenValue" >
                  and ${criterion.condition} #{criterion.value} and #{criterion.secondValue}
                </when>
                <when test="criterion.listValue" >
                  and ${criterion.condition}
                  <foreach collection="criterion.value" item="listItem" open="(" close=")" separator="," >
                    #{listItem}
                  </foreach>
                </when>
              </choose>
            </foreach>
          </trim>
        </if>
      </foreach>
    </where>
  </sql>
  <sql id="Update_By_Example_Where_Clause" >
    <where >
      <foreach collection="example.oredCriteria" item="criteria" separator="or" >
        <if test="criteria.valid" >
          <trim prefix="(" suffix=")" prefixOverrides="and" >
            <foreach collection="criteria.criteria" item="criterion" >
              <choose >
                <when test="criterion.noValue" >
                  and ${criterion.condition}
                </when>
                <when test="criterion.singleValue" >
                  and ${criterion.condition} #{criterion.value}
                </when>
                <when test="criterion.betweenValue" >
                  and ${criterion.condition} #{criterion.value} and #{criterion.secondValue}
                </when>
                <when test="criterion.listValue" >
                  and ${criterion.condition}
                  <foreach collection="criterion.value" item="listItem" open="(" close=")" separator="," >
                    #{listItem}
                  </foreach>
                </when>
              </choose>
            </foreach>
          </trim>
        </if>
      </foreach>
    </where>
  </sql>
  <sql id="Base_Column_List" >
    city_id, city, country_id, last_update
  </sql>
  <select id="selectByExample" resultMap="BaseResultMap" parameterType="com.quick.mulit.entity.primary.CityExample" >
    select
    <if test="distinct" >
      distinct
    </if>
    <include refid="Base_Column_List" />
    from city
    <if test="_parameter != null" >
      <include refid="Example_Where_Clause" />
    </if>
    <if test="orderByClause != null" >
      order by ${orderByClause}
    </if>
  </select>
  <select id="selectByPrimaryKey" resultMap="BaseResultMap" parameterType="java.lang.Short" >
    select 
    <include refid="Base_Column_List" />
    from city
    where city_id = #{cityId,jdbcType=SMALLINT}
  </select>
  <delete id="deleteByPrimaryKey" parameterType="java.lang.Short" >
    delete from city
    where city_id = #{cityId,jdbcType=SMALLINT}
  </delete>
  <delete id="deleteByExample" parameterType="com.quick.mulit.entity.primary.CityExample" >
    delete from city
    <if test="_parameter != null" >
      <include refid="Example_Where_Clause" />
    </if>
  </delete>
  <insert id="insert" parameterType="com.quick.mulit.entity.primary.City" >
    insert into city (city_id, city, country_id, 
      last_update)
    values (#{cityId,jdbcType=SMALLINT}, #{city,jdbcType=VARCHAR}, #{countryId,jdbcType=SMALLINT}, 
      #{lastUpdate,jdbcType=TIMESTAMP})
  </insert>
  <insert id="insertSelective" parameterType="com.quick.mulit.entity.primary.City" >
    insert into city
    <trim prefix="(" suffix=")" suffixOverrides="," >
      <if test="cityId != null" >
        city_id,
      </if>
      <if test="city != null" >
        city,
      </if>
      <if test="countryId != null" >
        country_id,
      </if>
      <if test="lastUpdate != null" >
        last_update,
      </if>
    </trim>
    <trim prefix="values (" suffix=")" suffixOverrides="," >
      <if test="cityId != null" >
        #{cityId,jdbcType=SMALLINT},
      </if>
      <if test="city != null" >
        #{city,jdbcType=VARCHAR},
      </if>
      <if test="countryId != null" >
        #{countryId,jdbcType=SMALLINT},
      </if>
      <if test="lastUpdate != null" >
        #{lastUpdate,jdbcType=TIMESTAMP},
      </if>
    </trim>
  </insert>
  <select id="countByExample" parameterType="com.quick.mulit.entity.primary.CityExample" resultType="java.lang.Integer" >
    select count(*) from city
    <if test="_parameter != null" >
      <include refid="Example_Where_Clause" />
    </if>
  </select>
  <update id="updateByExampleSelective" parameterType="map" >
    update city
    <set >
      <if test="record.cityId != null" >
        city_id = #{record.cityId,jdbcType=SMALLINT},
      </if>
      <if test="record.city != null" >
        city = #{record.city,jdbcType=VARCHAR},
      </if>
      <if test="record.countryId != null" >
        country_id = #{record.countryId,jdbcType=SMALLINT},
      </if>
      <if test="record.lastUpdate != null" >
        last_update = #{record.lastUpdate,jdbcType=TIMESTAMP},
      </if>
    </set>
    <if test="_parameter != null" >
      <include refid="Update_By_Example_Where_Clause" />
    </if>
  </update>
  <update id="updateByExample" parameterType="map" >
    update city
    set city_id = #{record.cityId,jdbcType=SMALLINT},
      city = #{record.city,jdbcType=VARCHAR},
      country_id = #{record.countryId,jdbcType=SMALLINT},
      last_update = #{record.lastUpdate,jdbcType=TIMESTAMP}
    <if test="_parameter != null" >
      <include refid="Update_By_Example_Where_Clause" />
    </if>
  </update>
  <update id="updateByPrimaryKeySelective" parameterType="com.quick.mulit.entity.primary.City" >
    update city
    <set >
      <if test="city != null" >
        city = #{city,jdbcType=VARCHAR},
      </if>
      <if test="countryId != null" >
        country_id = #{countryId,jdbcType=SMALLINT},
      </if>
      <if test="lastUpdate != null" >
        last_update = #{lastUpdate,jdbcType=TIMESTAMP},
      </if>
    </set>
    where city_id = #{cityId,jdbcType=SMALLINT}
  </update>
  <update id="updateByPrimaryKey" parameterType="com.quick.mulit.entity.primary.City" >
    update city
    set city = #{city,jdbcType=VARCHAR},
      country_id = #{countryId,jdbcType=SMALLINT},
      last_update = #{lastUpdate,jdbcType=TIMESTAMP}
    where city_id = #{cityId,jdbcType=SMALLINT}
  </update>
</mapper>