<?xml version="1.0" encoding="UTF-8"?>
<beans xmlns="http://www.springframework.org/schema/beans"
       xmlns:xsi="http://www.w3.org/2001/XMLSchema-instance" xmlns:context="http://www.springframework.org/schema/context"
       xsi:schemaLocation="http://www.springframework.org/schema/beans http://www.springframework.org/schema/beans/spring-beans-4.0.xsd
                            http://www.springframework.org/schema/context http://www.springframework.org/schema/context/spring-context-4.0.xsd">

    <context:component-scan base-package="com.zhihao.miao" />


    <!-- For times when you just need to invoke a method on a specific object -->
    <bean id="simpleJobDetail" class="org.springframework.scheduling.quartz.MethodInvokingJobDetailFactoryBean">
        <property name="targetObject" ref="myBean" />
        <property name="targetMethod" value="printMessage" />
    </bean>


    <!-- For times when you need more complex processing, passing data to the scheduled job -->
    <bean name="complexJobDetail"    class="org.springframework.scheduling.quartz.JobDetailFactoryBean">
        <property name="jobClass" value="com.zhihao.miao.ScheduledJob" />
        <property name="jobDataMap">
            <map>
                <entry key="anotherBean" value-ref="anotherBean" />
            </map>
        </property>
        <property name="durability" value="true" />
    </bean>


    <!-- Run the job every 2 seconds with initial delay of 1 second -->
    <bean id="simpleTrigger"  class="org.springframework.scheduling.quartz.SimpleTriggerFactoryBean">
        <property name="jobDetail" ref="simpleJobDetail" />
        <property name="startDelay" value="1000" />
        <property name="repeatInterval" value="2000" />
    </bean>


    <!-- Run the job every 5 seconds only on Weekends -->
    <bean id="cronTrigger"  class="org.springframework.scheduling.quartz.CronTriggerFactoryBean">
        <property name="jobDetail" ref="complexJobDetail" />
        <property name="cronExpression" value="0/1 * * ? * *" />
    </bean>


    <!-- Scheduler factory bean to glue together jobDetails and triggers to Configure Quartz Scheduler -->
    <bean  class="org.springframework.scheduling.quartz.SchedulerFactoryBean">
        <property name="jobDetails">
            <list>
                <ref bean="simpleJobDetail" />
                <ref bean="complexJobDetail" />
            </list>
        </property>

        <property name="triggers">
            <list>
                <ref bean="simpleTrigger" />
                <ref bean="cronTrigger" />
            </list>
        </property>
    </bean>

</beans>