<?xml version="1.0" encoding="UTF-8"?>
<!DOCTYPE generatorConfiguration
        PUBLIC "-//mybatis.org//DTD MyBatis Generator Configuration 1.0//EN"
        "http://mybatis.org/dtd/mybatis-generator-config_1_0.dtd">

<generatorConfiguration>

    <!-- 自己修改jar的路径 -->
    <!--<classPathEntry location="mysql-connector-java-5.1.20.jar" />-->

    <context id="MySqlTables" targetRuntime="MyBatis3" defaultModelType="flat">
        <!-- 分页插件 -->
<!--
        <plugin type="MysqlPaginationPlugin"/>
-->

        <!-- 关闭注解信息 -->
        <commentGenerator>
            <property name="suppressAllComments" value="true" />
        </commentGenerator>
        <!-- 自己修改JDBC的路径 -->
        <jdbcConnection driverClass="com.mysql.jdbc.Driver"
                        connectionURL="jdbc:mysql://localhost:3306/world" userId="root"
                        password="root123">
        </jdbcConnection>

        <javaTypeResolver>
            <property name="forceBigDecimals" value="false" />
        </javaTypeResolver>

        <!--&lt;!&ndash; model的配置 &ndash;&gt;-->
        <!--<javaModelGenerator targetPackage="com.quick.mulit.entity.primary"-->
                            <!--targetProject="src/main/java">-->
            <!--<property name="enableSubPackages" value="true" />-->
            <!--<property name="trimStrings" value="true" />-->
        <!--</javaModelGenerator>-->

        <!--&lt;!&ndash; mybatis的xml的配置 &ndash;&gt;-->
        <!--<sqlMapGenerator targetPackage="mapper/primary"-->
                         <!--targetProject="src/main/resources/">-->
            <!--<property name="enableSubPackages" value="true" />-->
        <!--</sqlMapGenerator>-->

        <!--&lt;!&ndash; mapper的配置 &ndash;&gt;-->
        <!--<javaClientGenerator type="XMLMAPPER"-->
                             <!--targetPackage="com.quick.mulit.mapper.primary" targetProject="src/main/java/">-->
            <!--<property name="enableSubPackages" value="true" />-->
        <!--</javaClientGenerator>-->

        <!-- model的配置 -->
        <javaModelGenerator targetPackage="com.quick.mulit.entity.secondary"
        targetProject="src/main/java">
        <property name="enableSubPackages" value="true" />
        <property name="trimStrings" value="true" />
        </javaModelGenerator>

        <!-- mybatis的xml的配置 -->
        <sqlMapGenerator targetPackage="mapper/secondary"
        targetProject="src/main/resources/">
        <property name="enableSubPackages" value="true" />
        </sqlMapGenerator>

        <!-- mapper的配置 -->
        <javaClientGenerator type="XMLMAPPER"
        targetPackage="com.quick.mulit.mapper.secondary" targetProject="src/main/java/">
        <property name="enableSubPackages" value="true" />
        </javaClientGenerator>


        <!--<table tableName="dict_company" domainObjectName="CompanyInnoTree" >-->
            <!--<generatedKey column="id" sqlStatement="JDBC" identity="true"/>-->
        <!--</table>-->
        <!--<table tableName="dict_school" domainObjectName="School" >-->
            <!--<generatedKey column="id" sqlStatement="JDBC" identity="true"/>-->
        <!--</table>-->
        <table tableName="reader" domainObjectName="Reader" >
            <generatedKey column="actor_id" sqlStatement="JDBC" identity="true"/>
        </table>
    </context>
</generatorConfiguration>
