<?xml version="1.0" encoding="UTF-8"?>
<Configuration status="OFF">
    <Appenders>
        <Console name="Console" target="SYSTEM_OUT">
            <!--控制台只输出level及以上级别的信息（onMatch），其他的直接拒绝（onMismatch）-->
            <ThresholdFilter level="info" onMatch="ACCEPT" onMismatch="DENY"/>
            <PatternLayout pattern="%highlight{%d{yyyy.MM.dd 'at' HH:mm:ss z} %-5level %class{36} %M() @%L - %msg%n}{FATAL=Bright Red, ERROR=Bright Magenta, WARN=Bright Yellow, INFO=Bright Green, DEBUG=Bright Cyan, TRACE=Bright White}"/>
        </Console>
        <!--<File name="ERROR" fileName="log/error.log" append="false">-->
            <!--<ThresholdFilter level="error" onMatch="ACCEPT" onMismatch="DENY"/>-->
            <!--<PatternLayout pattern="%d{yyyy.MM.dd 'at' HH:mm:ss z} %-5level %class{36} %M() @%L - %msg%n"/>-->
        <!--</File>-->
        <!--这个会打印出所有的信息，每次大小超过size，则这size大小的日志会自动存入按年份-月份建立的文件夹下面并进行压缩，作为存档-->
        <RollingFile name="RollingInfoFile" fileName="log/app.log"
                     filePattern="logs/info/$${date:yyyy-MM}/app-%d{MM-dd-yyyy}-%i.log.gz">
            <PatternLayout pattern="%d{yyyy.MM.dd 'at' HH:mm:ss z} %-5level %class{36} %M() @%L - %msg%n"/>
            <SizeBasedTriggeringPolicy size="5MB"/>
        </RollingFile>

        <!-- error 日志 -->
        <RollingFile name="RollingErrorFile" fileName="log/error.log"
                     filePattern="logs/error/$${date:yyyy-MM}/error-%d{MM-dd-yyyy}-%i.log.gz">
            <ThresholdFilter level="error" onMatch="ACCEPT" onMismatch="DENY"/>
            <PatternLayout pattern="%d{yyyy.MM.dd 'at' HH:mm:ss z} %-5level %class{36} %M() @%L - %msg%n"/>
            <SizeBasedTriggeringPolicy size="5MB"/>
        </RollingFile>

    </Appenders>
    <Loggers>
        <Root level="INFO">
            <!--<appender-ref ref="ERROR" />-->
            <appender-ref ref="RollingInfoFile"/>
            <appender-ref ref="RollingErrorFile"/>
            <appender-ref ref="Console"/>
        </Root>
    </Loggers>
</Configuration>