<?xml version="1.0" encoding="UTF-8" ?>
<!DOCTYPE mapper PUBLIC "-//mybatis.org//DTD Mapper 3.0//EN" "http://mybatis.org/dtd/mybatis-3-mapper.dtd" >
<mapper namespace="com.quick.mapper.CityMapper" >
  <resultMap id="BaseResultMap" type="com.quick.entity.City" >
    <id column="ID" property="id" jdbcType="INTEGER" />
    <result column="Name" property="name" jdbcType="CHAR" />
    <result column="CountryCode" property="countrycode" jdbcType="CHAR" />
    <result column="District" property="district" jdbcType="CHAR" />
    <result column="Population" property="population" jdbcType="INTEGER" />
    <result column="InsertDate" property="insertdate" jdbcType="TIMESTAMP" />
  </resultMap>
  <sql id="Example_Where_Clause" >
    <where >
      <foreach collection="oredCriteria" item="criteria" separator="or" >
        <if test="criteria.valid" >
          <trim prefix="(" suffix=")" prefixOverrides="and" >
            <foreach collection="criteria.criteria" item="criterion" >
              <choose >
                <when test="criterion.noValue" >
                  and ${criterion.condition}
                </when>
                <when test="criterion.singleValue" >
                  and ${criterion.condition} #{criterion.value}
                </when>
                <when test="criterion.betweenValue" >
                  and ${criterion.condition} #{criterion.value} and #{criterion.secondValue}
                </when>
                <when test="criterion.listValue" >
                  and ${criterion.condition}
                  <foreach collection="criterion.value" item="listItem" open="(" close=")" separator="," >
                    #{listItem}
                  </foreach>
                </when>
              </choose>
            </foreach>
          </trim>
        </if>
      </foreach>
    </where>
  </sql>
  <sql id="Update_By_Example_Where_Clause" >
    <where >
      <foreach collection="example.oredCriteria" item="criteria" separator="or" >
        <if test="criteria.valid" >
          <trim prefix="(" suffix=")" prefixOverrides="and" >
            <foreach collection="criteria.criteria" item="criterion" >
              <choose >
                <when test="criterion.noValue" >
                  and ${criterion.condition}
                </when>
                <when test="criterion.singleValue" >
                  and ${criterion.condition} #{criterion.value}
                </when>
                <when test="criterion.betweenValue" >
                  and ${criterion.condition} #{criterion.value} and #{criterion.secondValue}
                </when>
                <when test="criterion.listValue" >
                  and ${criterion.condition}
                  <foreach collection="criterion.value" item="listItem" open="(" close=")" separator="," >
                    #{listItem}
                  </foreach>
                </when>
              </choose>
            </foreach>
          </trim>
        </if>
      </foreach>
    </where>
  </sql>
  <sql id="Base_Column_List" >
    ID, Name, CountryCode, District, Population, InsertDate
  </sql>
  <select id="selectByExample" resultMap="BaseResultMap" parameterType="com.quick.entity.CityExample" >
    select
    <if test="distinct" >
      distinct
    </if>
    <include refid="Base_Column_List" />
    from city
    <if test="_parameter != null" >
      <include refid="Example_Where_Clause" />
    </if>
    <if test="orderByClause != null" >
      order by ${orderByClause}
    </if>
  </select>
  <select id="selectByPrimaryKey" resultMap="BaseResultMap" parameterType="java.lang.Integer" >
    select 
    <include refid="Base_Column_List" />
    from city
    where ID = #{id,jdbcType=INTEGER}
  </select>
  <delete id="deleteByPrimaryKey" parameterType="java.lang.Integer" >
    delete from city
    where ID = #{id,jdbcType=INTEGER}
  </delete>
  <delete id="deleteByExample" parameterType="com.quick.entity.CityExample" >
    delete from city
    <if test="_parameter != null" >
      <include refid="Example_Where_Clause" />
    </if>
  </delete>
  <insert id="insert" parameterType="com.quick.entity.City" >
    insert into city (ID, Name, CountryCode, 
      District, Population, InsertDate
      )
    values (#{id,jdbcType=INTEGER}, #{name,jdbcType=CHAR}, #{countrycode,jdbcType=CHAR}, 
      #{district,jdbcType=CHAR}, #{population,jdbcType=INTEGER}, #{insertdate,jdbcType=TIMESTAMP}
      )
  </insert>
  <insert id="insertSelective" parameterType="com.quick.entity.City" >
    insert into city
    <trim prefix="(" suffix=")" suffixOverrides="," >
      <if test="id != null" >
        ID,
      </if>
      <if test="name != null" >
        Name,
      </if>
      <if test="countrycode != null" >
        CountryCode,
      </if>
      <if test="district != null" >
        District,
      </if>
      <if test="population != null" >
        Population,
      </if>
      <if test="insertdate != null" >
        InsertDate,
      </if>
    </trim>
    <trim prefix="values (" suffix=")" suffixOverrides="," >
      <if test="id != null" >
        #{id,jdbcType=INTEGER},
      </if>
      <if test="name != null" >
        #{name,jdbcType=CHAR},
      </if>
      <if test="countrycode != null" >
        #{countrycode,jdbcType=CHAR},
      </if>
      <if test="district != null" >
        #{district,jdbcType=CHAR},
      </if>
      <if test="population != null" >
        #{population,jdbcType=INTEGER},
      </if>
      <if test="insertdate != null" >
        #{insertdate,jdbcType=TIMESTAMP},
      </if>
    </trim>
  </insert>
  <select id="countByExample" parameterType="com.quick.entity.CityExample" resultType="java.lang.Integer" >
    select count(*) from city
    <if test="_parameter != null" >
      <include refid="Example_Where_Clause" />
    </if>
  </select>
  <update id="updateByExampleSelective" parameterType="map" >
    update city
    <set >
      <if test="record.id != null" >
        ID = #{record.id,jdbcType=INTEGER},
      </if>
      <if test="record.name != null" >
        Name = #{record.name,jdbcType=CHAR},
      </if>
      <if test="record.countrycode != null" >
        CountryCode = #{record.countrycode,jdbcType=CHAR},
      </if>
      <if test="record.district != null" >
        District = #{record.district,jdbcType=CHAR},
      </if>
      <if test="record.population != null" >
        Population = #{record.population,jdbcType=INTEGER},
      </if>
      <if test="record.insertdate != null" >
        InsertDate = #{record.insertdate,jdbcType=TIMESTAMP},
      </if>
    </set>
    <if test="_parameter != null" >
      <include refid="Update_By_Example_Where_Clause" />
    </if>
  </update>
  <update id="updateByExample" parameterType="map" >
    update city
    set ID = #{record.id,jdbcType=INTEGER},
      Name = #{record.name,jdbcType=CHAR},
      CountryCode = #{record.countrycode,jdbcType=CHAR},
      District = #{record.district,jdbcType=CHAR},
      Population = #{record.population,jdbcType=INTEGER},
      InsertDate = #{record.insertdate,jdbcType=TIMESTAMP}
    <if test="_parameter != null" >
      <include refid="Update_By_Example_Where_Clause" />
    </if>
  </update>
  <update id="updateByPrimaryKeySelective" parameterType="com.quick.entity.City" >
    update city
    <set >
      <if test="name != null" >
        Name = #{name,jdbcType=CHAR},
      </if>
      <if test="countrycode != null" >
        CountryCode = #{countrycode,jdbcType=CHAR},
      </if>
      <if test="district != null" >
        District = #{district,jdbcType=CHAR},
      </if>
      <if test="population != null" >
        Population = #{population,jdbcType=INTEGER},
      </if>
      <if test="insertdate != null" >
        InsertDate = #{insertdate,jdbcType=TIMESTAMP},
      </if>
    </set>
    where ID = #{id,jdbcType=INTEGER}
  </update>
  <update id="updateByPrimaryKey" parameterType="com.quick.entity.City" >
    update city
    set Name = #{name,jdbcType=CHAR},
      CountryCode = #{countrycode,jdbcType=CHAR},
      District = #{district,jdbcType=CHAR},
      Population = #{population,jdbcType=INTEGER},
      InsertDate = #{insertdate,jdbcType=TIMESTAMP}
    where ID = #{id,jdbcType=INTEGER}
  </update>
</mapper>